YEAR_MONTH,PASSENGERS CARRIED
2023 SEP,7826535.477679238
2023 OCT,7887707.122678415
2023 NOV,7797783.732546986
2023 DEC,7916199.6437573815
2024 JAN,8035613.300624993
2024 FEB,7982798.531663855
2024 MAR,8026433.733084694
2024 APR,8023248.23709483
2024 MAY,8166078.495912077
2024 JUN,8127191.726547083
2024 JUL,8073250.998483134
2024 AUG,8126408.978648111
